{
  "channels": [
    "conda-forge",
    "defaults"
  ],
  "conda_build_version": "3.17.8",
  "conda_private": false,
  "conda_version": "4.7.5",
  "dev_url": "https://github.com/jupyterlab/jupyter-renderers",
  "env_vars": {
    "CIO_TEST": "<not set>"
  },
  "extra": {
    "copy_test_source_files": true,
    "final": true,
    "recipe-maintainers": [
      "dbast",
      "blink1073",
      "uday1889"
    ]
  },
  "home": "https://github.com/jupyterlab/jupyter-renderers/blob/master/packages/plotly-extension",
  "identifiers": [],
  "keywords": [],
  "license": "BSD 3-Clause",
  "license_family": "BSD",
  "license_file": "LICENSE",
  "root_pkgs": [
    "py-lief 0.9.0 py37he1b5a44_1",
    "liblief 0.9.0 hf8a498c_1",
    "attrs 19.1.0 py_0",
    "conda-build 3.17.8 py37_1",
    "clyent 1.2.2 py_1",
    "sqlite 3.28.0 hcee41ef_1",
    "libiconv 1.15 h516909a_1005",
    "xz 5.2.4 h14c3975_1001",
    "patch 2.7.6 h14c3975_1001",
    "bzip2 1.0.6 h14c3975_1002",
    "tqdm 4.32.2 py_0",
    "icu 58.2 hf484d3e_1000",
    "patchelf 0.10 he1b5a44_0",
    "libffi 3.2.1 he1b5a44_1006",
    "pycparser 2.19 py37_1",
    "libgcc-ng 9.1.0 hdf63c60_0",
    "jsonschema 3.0.1 py37_0",
    "pyopenssl 19.0.0 py37_0",
    "anaconda-client 1.7.2 py_0",
    "python-dateutil 2.8.0 py_0",
    "glob2 0.7 py_0",
    "libarchive 3.3.3 hb44662c_1005",
    "libcurl 7.64.1 hda55be3_0",
    "pip 19.1.1 py37_0",
    "conda 4.7.5 py37_0",
    "ruamel_yaml 0.15.71 py37h14c3975_1000",
    "soupsieve 1.9.2 py37_0",
    "python-libarchive-c 2.8 py37_1004",
    "pyyaml 5.1.1 py37h516909a_0",
    "pycosat 0.6.3 py37h14c3975_1001",
    "zstd 1.4.0 h3b9ef0a_0",
    "jupyter_core 4.4.0 py_0",
    "expat 2.2.5 he1b5a44_1003",
    "certifi 2019.6.16 py37_0",
    "ncurses 6.1 hf484d3e_1002",
    "psutil 5.6.3 py37h516909a_0",
    "six 1.12.0 py37_1000",
    "cryptography 2.7 py37h72c5cf5_0",
    "pysocks 1.7.0 py37_0",
    "jinja2 2.10.1 py_0",
    "tini 0.18.0 h14c3975_1001",
    "pyrsistent 0.15.2 py37h516909a_0",
    "pkginfo 1.5.0.1 py_0",
    "pytz 2019.1 py_0",
    "gettext 0.19.8.1 hc5be6a0_1002",
    "readline 8.0 hf8c457e_0",
    "idna 2.8 py37_1000",
    "traitlets 4.3.2 py37_1000",
    "decorator 4.4.0 py_0",
    "libstdcxx-ng 9.1.0 hdf63c60_0",
    "tk 8.6.9 hed695b0_1002",
    "git 2.22.0 pl526hce37bd2_0",
    "nbformat 4.4.0 py_1",
    "curl 7.64.1 hf8cf82a_0",
    "requests 2.22.0 py37_0",
    "ipython_genutils 0.2.0 py_1",
    "asn1crypto 0.24.0 py37_1003",
    "lz4-c 1.8.3 he1b5a44_1001",
    "markupsafe 1.1.1 py37h14c3975_0",
    "libedit 3.1.20170329 hf8c457e_1001",
    "setuptools 41.0.1 py37_0",
    "beautifulsoup4 4.7.1 py37_1001",
    "openssl 1.1.1b h14c3975_1",
    "gosu 1.10 h81701ea_1001",
    "chardet 3.0.4 py37_1003",
    "_libgcc_mutex 0.1 main",
    "wheel 0.33.4 py37_0",
    "ca-certificates 2019.6.16 hecc5488_0",
    "conda-package-handling 1.3.10 py37_0",
    "filelock 3.0.10 py_0",
    "python 3.7.3 h33d41f4_1",
    "krb5 1.16.3 h05b26f9_1001",
    "zlib 1.2.11 h14c3975_1004",
    "libxml2 2.9.9 h13577e0_1",
    "libssh2 1.8.2 h22169c7_2",
    "cffi 1.12.3 py37h8022711_0",
    "perl 5.26.2 h516909a_1006",
    "urllib3 1.24.3 py37_0",
    "yaml 0.1.7 h14c3975_1001",
    "lzo 2.10 h14c3975_1000",
    "click 7.0 py_0",
    "conda-env 2.6.0 1",
    "conda-forge-ci-setup 2.3.1 py37_0"
  ],
  "summary": "A JupyterLab extension for rendering Plotly charts",
  "tags": []
}