{
  "build": "py_0",
  "build_number": 0,
  "channel": "<unknown>",
  "constrains": [],
  "depends": [
    "jupyterlab",
    "nodejs",
    "python >=3.5"
  ],
  "features": "",
  "fn": "jupyterlab-plotly-extension-1.0.0-py_0.tar.bz2",
  "license": "BSD 3-Clause",
  "license_family": "BSD",
  "md5": "0996a9698037d8a707168956e3abba16",
  "name": "jupyterlab-plotly-extension",
  "noarch": "python",
  "package_type": "noarch_python",
  "sha256": "8ef5b70f61d995093db82d0bb5f770426d4f270848b2cfd826b8d3df34a060e4",
  "size": 9514,
  "subdir": "noarch",
  "timestamp": 1562523837187,
  "track_features": "",
  "url": "file:///D:/Py39/jupyterlab-plotly-extension-1.0.0-py_0.tar.bz2",
  "version": "1.0.0"
}